SKU,Description,Cost
SHD7B05995,HDD WUH722020BLN607 SATA HDD M1a AVAP, $275.03 
SSA7B76591,SP Intel SPR 8455C 48C/2.0G/325W M1 AR," $2,110.00 "
SSA7B97701,SP Intel EMR 8573C 52C/2.3G/385W M1 AR," $2,115.00 "
SM37B75603,MEMORY HMCG94AGBRA 64G 2RX4 5600 M1aAVAP, $315.09 
SSS7B64519,SSD KXDZFRJ97T68 XD7P E1.S 7.68T M1aAVAP, $801.64 
SHD7B71110,HDD ST24000NM010H 24T 3.5 M1aAVAP, $373.18 
SSS7B64320,SSD HFS960GDJ0X132N 960G M.2 M1aAVAP, $128.69 
SSS7B00300,SSD MZCLO1T9HCJR-00AMZ E1.S M1a AVAP, $246.88 
STA7B08587,"ECAT_TLA STRCNTRL,9500-8E", $212.06 
SHD7B32532,HDD ST20000NM016D 20T 3.5 SATA M1a AVAP, $275.03 
SN37B05973,NETWRK_CRD MCX565A-CDAI_C11 OCP3 M1aAVAP, $211.00 
SM17B93566,"MECH_ASM CHASSIS WELDMENT, 8U SHUTTLE"," $1,965.62 "
SM17B79550,"MECH_ASM ASSM, 3U UPPER SHUTTLE, AMD", $235.82 
SM17B83830,"MECH_ASM ASSY, WATERLOOP TLA Cobol"," $1,311.35 "
SM17B28785,"MECH_ASM NODE TRAY, ASSY", $81.27 
SM17B56268,"MECH_ASM 1 inch EPDM Hose, 2.3m", $832.53 
SM17A82682,MECH_ASM HDRC 42U Onyx Side Panel, $197.07 
SM17B77427,MECH_ASM SE360V2 VESA Brkt ASM, $249.22 
4PU7A90812,1U 12 C19/C13 60A 3P Delta PDU V2," $1,317.76 "
SM37B92028,MEMORY S M321R8GA0PB0-CWM 64G M1aAVAP, $315.09 
SSS7B64511,SSD KXDZFRJ91T92 XD7P E1.S 1.92T M1aAVAP, $246.88 
0000088Y6763,MECHANICAL Rack Kit Flex, $21.37 
SP57A86681,PWR_SUPPLY GW 2600W CFF v4 TT AC PSU, $202.30 
SM17B04135,"MECH_ASM TLA, ST650 v2 - 3.5"" chassis", $154.70 
SM17A82686,MECH_ASM HDRC 42U Onyx 180mm Ext kit, $255.53 
SM17B04136,"MECH_ASM TLA, ST650 v2 - 2.5"" chassis", $176.01 
SD37A15928,DOOR HDRC 42U Onyx Rear Door, $132.92 
SD37A15927,DOOR HDRC 42U Onyx Front Door, $132.92 
SSS7B01861,SSD S MZ1L2960HCJR-00AMV 1T M.2 M1a AVAP, $128.69 
SM37C13111,MEMORY M321R8GA0EB2-CWM 64G 2R M1aAVAP,  
SN37B04254,NETWRK_CRD NV CX7 NDR400 1-port Gen5," $1,111.00 "
SN37B36732,NETWRK_CRD NV BF-3 2Px200G DPU," $2,706.00 "
SN37B92105,NETWRK_CRD Nvda CX7 4P 25/10GbE OCP, $335.32 
SP17A33289,PACKAGING cushion,  
SP17A33290,PACKAGING cushion,  
SP17A33291,PACKAGING cushion,  
SP17A35628,"PACKAGING Label, Professional Movers",  
SP17A35852,PACKAGING Pallet 1200x1200 Block,  
SP17A43051,PACKAGING PE Fab Cushion,  
SP17A66130,PACKAGING Tray-18L,  
SP47B30292,PUBS DCG Regulatory Notices (Full), $1.55 
SP47B30293,PUBS DCG Regulatory Notices (Short), $2.77 
SP47B70292,PUBS ISG Regulatory Notices (Full), $1.04 
SP47B95550,PUBS ISG Regulatory Notices (Full),  
SP47C20910,PUBS ISG Regulatory Notices (Short),  
SP57B07039,PWR_SUPPLY AcBel 750W CFF v4 PT AC PSU, $56.35 
SPU7B21878,PDU D2034 48U 34kW Vertical PMDU-D," $2,679.00 "
SS17B79957,"SCREW SCREW, M3x0.5, COMBO HEX HEAD",  
SSA7A85924,SP ICX 4314 16C/2.4G/135W, $701.00 
SSA7B76174,SP INTEL SPR EE 4509Y 8C/2.6G/125W, $481.00 
SSA7C03086,SP INTEL 6960P 72C/2.7G/500W MC QS FOC," $3,468.00 "
SSG7A48102,SWITCH DCS-7060CX 100G PSI," $3,264.59 "
SSG7B06529,SWITCH NV QM9790 NDR IB UnMgd oPSE," $19,539.00 "
SSG7B08728,SWITCH NV SN2201 1GbE Mgd CMLS oPSE," $2,875.00 "
SSG7B28176,"SWITCH Nokia 7215 Switch, PSI"," $1,415.40 "
SSG7C24623,SWITCH Arista DCS-7050C TOR Switch," $5,537.79 "
SSS7B88905,SSD Kio KXD8FRJ97T68 7.68T E1.S M1 AVAP, $602.92 
SSS7C00424,Solidigm P5520 1.92TB/1.6T NVMe-STD, $504.61 
SSS7C28631,SSD S SBFPFWBV614TMD 61.44T E1.L M1 AVAP," $7,599.90 "
STA7B80322,ECAT_TLA SR680a/SR685a V3 Switch," $3,306.14 "
STA7B88223,ECAT_TLA DC-SCM 2.0 for MGX SVT, $93.19 
STA7C05963,ECAT_TLA 8GPU PDB," $1,010.16 "
SWL7B95159,WATERLOOP WATERLOOP W/ LEAKAGE SENSOR," $1,153.00 "
SWL7C18320,"WATERLOOP WATERLOOP, W/ LEAKAGE SENSOR"," $1,153.00 "
X00006317267,PACKAGING Stretch Wrap,  
X00006937292,LABEL LABEL,  
X00007386000,PACKAGING Plastic Banding,  
0000000Y3018,BRACKET BRKT Cbl Mngmt, $99.25 
4Z57A10847,Lenovo 3m LC-LC OM4 MMF Cable, $14.27 
4Z57A10850,Lenovo 15m LC-LC OM4 MMF Cable, $21.66 
4Z57A10849,Lenovo 10m LC-LC OM4 MMF Cable, $18.61 
4Z57A10852,Lenovo 30m LC-LC OM4 MMF Cable, $31.41 
4Z57A10851,Lenovo 25m LC-LC OM4 MMF Cable, $28.16 
SC17A42053,CABLE 1.5m 100G DAC QSFP, $15.21 
4Z57A10848,Lenovo 5m LC-LC OM4 MMF Cable, $15.50 
SM37B82336,MEMORY MTC20F2085S1RC56BD1 32GB 2Rx8 56R, $277.41 
0000000FP224,MECHANICAL 1 CHASSIS KIT,  
0000002YF895,LINECORD Cord - 2800mm, $3.02 
0000095Y2363,MECHANICAL Frnt Stabilizr, $31.30 
SH47A41755,HEATSINK LGA4189 1U Std HTSK, $18.48 
SM17A80678,MECH_ASM Riser bay filler Assy, $1.48 
SM17B01689,MECH_ASM EIA COVER LEFT ASSY, $1.55 
SM17B01690,MECH_ASM EIA COVER RIGHT ASSY, $1.55 
SM27A34858,MECHANICAL DIMM TOOL, $0.28 
SM27B23462,MECHANICAL DIMM COMB, $0.98 
SP47A86464,PUBS LeSI S&S Documentation,  
SP57B19913,PWR_SUPPLY AcBel 300W GD AC PSU,  
SF17B83965,"FAN FANPACK, 80x56 DUAL ROTOR, FRONT", $88.20 
SA27B93555,"AIRDUCT BAFFLE, nVidia, H100/H200 LEFT", $2.93 
SC57B87117,CARDPOP SR680a/SR685a V3 Fan I, $19.49 
SC57B84776,CARDPOP SR680a/SR685a V3 Fan II, $20.14 
STA7B27252,"ECAT_TLA SR650 V3 8x2.5"" Anybay BP w/5v", $57.31 
STA7C02415,ECAT_TLA 8GPU PDB," $1,010.16 "
SA27B93556,"AIRDUCT BAFFLE, nVidia, H100/H200 RIGHT", $2.92 
SM17B70244,"MECH_ASM Putty Pad Kit,SD665-N V3 WL", $74.79 
STA7A43807,"ECAT_TLA BP_1x4_3.5""_SAS/SATA_SVT", $16.76 
SSS7A95430,"SSD 2.5"" PM1743/1745 7.68TB /6.4T HS-STD"," $2,306.41 "
STA7B92490,ECAT_TLA Absolut-LV ROW for MLK4, $21.87 
SSA7B21830,SP SPR 5418Y 24C/2.0-2.8G/185W,  
SG27B74051,GPU L40S 48G PCIe Gen4 Pas," $5,374.00 "
SM37B46539,MEMORY S M321RYGA0PB0-CWM 96GB 2Rx4 56R, $840.61 
SB27B96517,"BDPLANAR SD665 V3 MB,Renesas,FXN SP5+,SE", $862.88 
SP57A86677,PWR_SUPPLY AcBel 2600W CFF v4 TT AC PSU,  
SC57A04602,RAID 930 SuperCap, $44.66 
STA7A98067,"ECAT_TLA Madrid PDB, SVT, ON-Semi", $67.00 
SR17A85790,RAID_CARD RAID 9350-16i 4GB Flash, $264.83 
SN30L21973,NETWRK_CRD Intel I350-T4, $45.00 
4G17A10853,Mellanox QSA 100G to 25G Cable Adapter, $53.55 
4Z57A85044,2m 100G to 4x25G DAC, $55.13 
SG27B80816,GPU HGX H200 8-GPU," $171,167.00 "
SG27B38716,GPU NVIDIA H100 SXM5 700W 94G GPUBoard," $95,333.00 "
SM17B28939,MECH_ASM SD665-N V3 Carrier board Kit, $188.13 
SM17B83034,MECH_ASM 2x OSFP I/O Card(400G per port), $171.24 
SR17B74710,RAID_CARD RAID 940-8i 4GB Flash, $371.27 
SSA7B28129,SP GENOA 9454 48C/2.75G/290W," $2,717.00 "
SR17B74714,RAID_CARD RAID 940-16i 8GB Flash INTR, $743.67 
SR17B80011,RAID_CARD M.2 NVMe 2-Bay RAID Kit, $108.88 
SC57A26298,"CARDPOP 2U 8x2.5"" SAS/SATA BP", $26.99 
SR17B77508,RAID_CARD RAID 5350-8i, $81.82 
SR17B84772,RAID_CARD RAID 9350-8i 2GB Flash, $176.97 
SSA7B21832,SP SPR 4410Y 12C/2.0-2.8G/150W, $450.00 
SN37A91440,"NETWRK_CRD BCM57414, 2x 10/25Gb SFP28 V2", $110.90 
SH47A45884,HEATSINK LGA4677-1 2U Std HTSK, $18.50 
SM17B96667,MECH_ASM PSU connector frame holder,  
SM17B79790,"MECH_ASM 2U COMPUTE SHUTTLE, INTEL, TLA", $226.85 
SM17A36180,MECH_ASM CHASSIS HANDLE, $13.55 
SM17B79530,"MECH_ASM ASSM, H100 GPU MOUNTING PLATE", $67.88 
SM17B93569,"MECH_ASM ASSM BAFFLE GPU AIRFLOW, nVidia", $4.91 
SSA7B76159,SP INTEL EMR 8568Y+ 48C/2.3G/350W," $3,527.00 "
SSS7B08361,SSD Samsung PM9A3 960G M.2 NVMe SSD-SED, $312.99 
SC17B87007,CABLE Micro Hi 6P+6S ST to 6P+6S ST, $3.05 
SF17B83966,"FAN FANPACK, 80x56 DUAL ROTOR, REAR", $110.60 
SC17B87013,CABLE 8&11mm pin ST to D-R panel (F) ST, $114.19 
SSS7B07973,"SSD 2.5"" PM1743/1745 3.84TB /3.2T HS-STD"," $1,108.28 "
STA7B80355,ECAT_TLA SR680a V3 Riser, $44.91 
SC17B87012,CABLE D-RadSok(F) ST to D-R panel (M) ST, $94.96 
SC17B87011,CABLE Z-link 4C+ ST to SFF1002 168P ST, $27.50 
SC17B39467,CABLE MicroHi 2x4 ST to Molex 2x4 ST, $1.43 
SC17B87002,CABLE 2x15 AgiLink ST to 2x15 AgiLink ST, $2.63 
SC17B87000,CABLE MCIO X8 74P ST to MCIO X8 74P ST, $9.50 
SC17B86998,CABLE 2x15 AgiLink ST to 2x15 AgiLink ST, $3.93 
SM17A06246,"GEN4 2.5"" HS HDD TRAY", $2.21 
SM17B84753,"MECH_ASM BRKT PCIe CABLE MOUNTING, INTEL", $246.90 
SM17B85193,"MECH_ASM ASSM, PCIe BLIND MATE CABLES", $458.40 
STA7B80349,ECAT_TLA SR680a/SR685a V3 CFFV4 PIB,  
SA27B95698,"AIRDUCT AIRDUCT, ADAPTER CARD COOLING", $9.69 
SC17B86997,CABLE 2x8 Micro Hi ST to 2x8 Micro Hi ST, $5.90 
SC17B87019,CABLE 2x9Micro Fit ST to 2x8Micro Hi ST, $5.35 
SC17B87006,CABLE MCIO X8 ST to MCIO X8 ST, $10.43 
SC17B86994,CABLE 5.7 Surlok RA to 5.7 Surlok ST, $125.05 
SC17B86999,CABLE 2x6 Micro Hi ST to 2x8 Micro Hi ST, $4.09 
SC17B86996,CABLE Micro Hi 12P+12S ST to 12P+12S ST, $6.94 
SL17A47147,"LABEL FRU LABEL, BLANK",  
SS17B01791,"SCREW Screw 6-32,L=5",  
SS17A40942,"SCREW SCREW, M3X5",  
SC17B42031,"CABLE MB Sideband, 2x10p to 2x10p, 560mm", $3.73 
SC17B25081,"CABLE MCIO cable C, 820", $22.15 
SC57B39207,"CARDPOP SD650 V3 PIB,ESP", $48.43 
SC17B25079,"CABLE MCIO cable A,155", $15.00 
SM17B28793,MECH_ASM OSFP_Conduction, $50.33 
SM27A17638,MECHANICAL 5 UNIT BLACK, $22.82 
SM17B67747,"MECH_ASM CROSS BAR, FRONT", $6.88 
SSG7B06526,SWITCH NV QM9700 NDR IB Mgd oPSE,  
STA7B01828,ECAT_TLA DW612S Hi Power Midplane TLA, $294.00 
SM27B80885,MECHANICAL VR_conduction_plate_high_12.4, $10.12 
SM37B81296,MEMORY S M321R4GA3PB2-CCP 32GB 2Rx8 64R, $282.95 
SB47B28789,"BRACKET CABLE COVER, FRONT", $2.18 
0000039M5375,"LINECORD 1.5M,10A,C13 to C14 JCord LW", $1.10 
SC17B36581,CABLE Cobol-Busbar cable, $57.69 
SC17B25085,"CABLE Power+MNG A, 300", $1.82 
SM17B78699,"MECH_ASM DIMM COVER ASM,ESP SD665V3", $3.47 
SM17B83029,MECH_ASM 2x OSFP I/O Card(800G per port), $174.42 
SM17A92959,"MECH_ASM Drip Sensor, OC", $31.63 
SM27A34863,"MECHANICAL DRIP TRAY, OC", $2.21 
SSG7B08727,SWITCH NV SN2201 1GbE Mgd CMLS PSE," $1,900.00 "
SSA7B85397,SP AMD Turin Classic 9135 16C 200W 3.65G, $971.00 
4XF7A81998,NVIDIA QM97xx Rack Mount Kit, $179.16 
0000039M5389,"LINECORD 2.5M,16A,C19 to C20 JCord LW", $2.72 
SC17B25086,"CABLE Power+MNG B, 400", $2.32 
SC17B25080,"CABLE MCIO cable B, 180", $15.16 
SM17B38989,"MECH_ASM ASSY,CROSS BAR Rear", $8.37 
SM27A17636,MECHANICAL 1 UNIT BLACK, $7.25 
SM17A64959,MECH_ASM BOTTOM EMC FILLER ASSY, $8.80 
SM27A17637,MECHANICAL 3 UNIT BLACK, $11.08 
SM17A63414,"ECAT_TLA DW612 SMM2, ESP", $160.71 
SM17A64960,MECH_ASM AIR PSU CAGE ASSY, $13.70 
SM27A73778,MECHANICAL HDRC Onyx Baying Kit, $51.41 
SM27A73907,MECHANICAL COVER PSU CAGE 6U SS & SVT, $3.32 
SM27B34517,MECHANICAL FULL WIDE FLLR, $47.48 
SC17A73853,CABLE SENSOR TO MP(P1), $4.51 
0000000Y3013,MECHANICAL 1U RACK BRKT, $144.29 
SC17B25082,"CABLE MCIO cable D, 800", $26.05 
SM17A64958,MECH_ASM TOP EMC FILLER ASSY, $9.66 
SM27A99463,MECHANICAL M6 Caged Nut, $0.53 
40K5793,ECO e1350 3 Meter Green Ethernet Cable, $11.14 
0000025R7920,MECHANICAL M6 Caged Nut,  
0000000N8709,MECHANICAL M6 Caged Nut,  
SC17B26497,CABLE OSFP800 to OSFP800 DAC (1.5m),  
SC17B26498,CABLE OSFP800 to OSFP800 DAC (2m), $411.00 
SM17B25685,MECH_ASM DIRECT WATER COOLING BRACKET, $34.81 
SP47A62538,PUBS 42U rack pub group,  
4XF7A85363,NVIDIA SN2201 Air Duct, $375.68 
SL17A64969,LABEL SAFETY LABEL, $0.10 
SL17A94208,LABEL PWR RATING LABEL-2600W,  
SL17A75089,"LABEL Siliver Surfer Label, ThinkSystem",  
SL17A92941,"LABEL Label, Model Name",  
SL17A93069,"LABEL LABEL, MAP PSU X9",  
SL17B29233,LABEL Node Identifier,  
0000021F9688,TIP INDICATOR (Label), $1.14 
0000002R2140,LABEL LC Node, $0.13 
0000000D1819,LABEL Power P2P Lbl,  
0000000D1817,LABEL blank label, $0.11 
SL17A58579,LABEL ACTIVATION LABEL,  
SL17A58173,LABEL XCC label for Whitley, $0.23 
SL17A02114,LABEL Small Lenovo Label, $0.06 
SL17B29229,LABEL NODE SSL SD665-N V3,  
SL17B29232,LABEL OPTION SSL,  
0000044F0924,LABEL Memory label,  
SL17A35349,LABEL Pair of Node Labels, $0.10 
SL17B85616,LABEL LABEL - MODEL SR685a V3,  
SS17B88699,SCREW M3 10MM SCREW, $0.06 
SS17A65696,SCREW M3XL4 screw,  
SS17A67830,"SCREW SLOTTED M3X5, NYLOK", $0.02 
SM27B28648,MECHANICAL HEX STANDOFF,  
0000046C6380,SCREW M5x16 Black,  
SL17B27752,LABEL Memory Security label for EGS,  
SL17B27753,LABEL Ribbon for memory label for EGS,  
00FE333,MECH SFP 1000Base-T (RJ-45) Transceiver, $30.07 
SM17A90472,MECH_ASM COLOSSUS_FAN_SINGLEROTOR_ASM, $15.88 
SM17B01611,MECH_ASM COLOSSUS_FAN_9256_HOLD_ASM, $21.28 
X00007386001,MECHANICAL BAND SEAL,  
SC17A79298,CABLE PDB PWR 2x8 to BP PWR 2x8 BP1/2, $2.45 
SM27A58511,"SCREW Screw , M5 x 7.5 mm , Patch",  
SS17B04172,"SCREW M3X5,PH1,PAN D6.5,ST,ZN,NYLOK",  
SS17A04186,SCREW PL MS MLB screw for cable wall,  
SS17A67826,"SCREW Screw,M2xL4.5",  
SS17A04261,"SCREW Screw, M3 L3.5",  
SS17A88984,"SCREW SLOTTED M3X6, NYLOK", $0.32 
SS17A04187,SCREW Purley MS MLB short screw, $0.07 
0000027F4212,SCREW M 3.5 STEEL, $0.02 
0000059Y6477,SCREW 4-40 Thread 5/,  
00000PKGDS06,PACKAGING Art Paper 297x210 for RACK, $1.31 
0000000KC763,SCREW M3.5,  
0000000FP279,MECHANICAL CAP PLUG, $1.62 
SS17A30168,"SCREW M3x4.7, PHILIPS, LOCTITE", $0.03 
SP47B87400,PUBS Rail Installation Guide, $0.38 
SP47B94044,PUBS Written offer for H100,  
STA7B80358,ECAT_TLA SR685a V3 Riser, $53.40 
SM17B79540,"MECH_ASM ASSM, PCIe CABLE BRACKET", $458.40 
0000007H6655,MECHANICAL BLACK - 6 IN,  
0000074F1823,MECHANICAL noname,  
SM27B71943,MECHANICAL WL VR COLD PLATE WASHER,  
SM27B28653,MECHANICAL HEX STANDOFF,  
SM17B84083,MECH_ASM Lenovo Reinforced cover, $144.99 
SM27B41422,MECHANICAL wire clamp,  
0000081Y2820,MECHANICAL M5 Cage, $0.13 
SM17B84752,"MECH_ASM BRKT PCIe CABLE MOUNTING, AMD",  
SL27A94159,"LATCH MASSY,LATCH,EDSFF,9.5 MM", $6.87 
SL17B82532,LABEL SERVICE LABEL - GPU/MERCEDES MONZA,  
SS17B90939,"SCREW SLOTTED M3X7, NYLOK",  
SS17A53859,SCREW SCREW_CTS_M3x6 PATCH, $0.01 
0000044E6854,MECHANICAL CAB TIE ORANGE,  
0000020P0527,LABEL Ribbon,  
SL17B05191,LABEL ST650V3 Service Label_ENG, $2.45 
STL7C04254,TOOL NVLink remove tool, $2.41 
SS10A44146,SCREW M3_Hex with Philip Head,  
SP17B34636,PACKAGING X00006165640 OBP Bag,  
SC17B27090,"CABLE Storage A(without pin define),240", $22.65 
SS17A67824,"SCREW SCREW,T10,L8*M3, NYLOK", $0.04 
SP27C02362,"PAD SXM5 TPCM7400, 44X31, 0.4T", $15.73 
0000076H2016,LABEL LABEL,  
SP17A35426,PACKAGING 500m Thank you tape,  
SN37B23797,NETWRK_CRD NVIDIA CX7 4-chip Mezz Board," $3,853.00 "
STA7B24098,ECAT_TLA GPU_PIB for SD665-N V3, $424.92 
SM37B77650,MEMORY S M321RBJA0M22-CLP 256GB 4Rx4 64R,  
SP57A88786,PWR_SUPPLY AcBel 1100WP CFFv4 AC CR PSU,  
SSS7A43191,Intel P5520 15.36T /12.8T SSD-STD," $2,869.54 "
STA7B80346,ECAT_TLA SR685a V3 PIB-C, $27.37 
STC7B05888,TRANSCVR NDR OSFP400 IB TRNSCV, $926.00 
STA7A75620,ECAT_TLA Pong TLA, $22.55 
STC7B36729,TRANSCVR 100GBase-SR4 QSFP28 Transceiver, $42.50 
SM37B73340,MEMORY MTC20F2085S1RC64BD2 32GB 2Rx8 64R, $282.95 
SN37B06010,CX7 200NDR/200G QSFP112 2port, $888.00 
SSS7B08352,"SSD 2.5"" PM1743/1745 15.36T/12.8T HS-STD"," $4,193.47 "
STA7C03568,ECAT_TLA 8GPU Switch," $3,306.14 "
SC17A83236,CABLE A 1295mm RJ45 Mgmt Cable, $1.10 
0000001KM810,LATCH Mini-PDU Strain Relief, $0.81 
SC17A98754,CABLE Fornt E1.S Intrusion Switch Cable, $1.06 
SL27A17004,LATCH C2184_E1S_Latch,  
SM27A93018,MECHANICAL C2184_E1S_Latch_Ingrasys,  
SP47B97142,PUBS Written offer for H200,  
SM17B26002,MECH_ASM C2184_SLIDE_ RAIL, $8.42 
0000081Y7879,LABEL Mfg Proc Lbl, $0.10 
0000012J5289,SCREW M6 HEX HEAD, $0.12 
SL17A48971,LABEL OCS6100 Rack Blank MSPN/SN Label,  
0000012J5288,MECHANICAL M6 CAGED NUTS, $0.20 
0000044V4664,LABEL SYS LBL-RIBBON, $0.77 
0000051H9502,ACCKIT BLACK - 14 IN,  
SM27B24839,MECHANICAL LGA4677 Carrier, $1.10 
4TA7B02107,RISER CARD-MCIO-INTRPOSE-S2185, $39.87 
SM17B82945,MECH_ASM C2184-OCP-DUMMY-ASSY-RC12, $1.13 
SB47B38696,BRACKET BRACKET, $4.96 
SP57B96187,PWR_SUPPLY Delta P2012 2100W Non-LES PSU, $277.90 
00WE115,ECO 1.0m Blue Cat5e Cable, $10.67 
SM27A90255,MECHANICAL C2184-PCIE-LP-DUMMY, $0.42 
SB47B38697,BRACKET BRACKET, $9.54 
SC17A33140,CABLE 36.25in RJ45 Management Cable, $1.42 
SP17A35620,PACKAGING MCRSFT Sleeve 1,  
SP17A35621,PACKAGING MCRSFT Sleeve 2,  
SP17A35622,PACKAGING MCRSFT Top Cap ASSY,  
SP17A35623,PACKAGING MCRSFT Corr insert,  
SP17A35624,PACKAGING MCRSFT Corr/Foam Insert,  
SM17C06771,MECH_ASM S21A1_HBA_RISER_bkt_EC, $6.30 
SL27A94164,"LATCH MASSY,LATCH,EDSFF,15 MM - E1.S", $6.19 
SM17A33144,MECH_ASM E2010 48U Rack Asm," $1,366.19 "
SM27B38695,MECHANICAL Clip, $1.10 
SC17A33141,CABLE 24.75in RJ45 Management Cable, $1.20 
SB27C04823,BDPLANAR S2185 MB, $522.95 
0000001DC058,TAPE PKG Hand Tape,  
SL17A67789,"LABEL MS Node SKU Label, White",  
SL17A91027,LABEL M1 Li-Ion UN3481 Label,  
SPU7B79251,PDU 48U Vertical PMDU w/ Mylar-I," $1,889.20 "
SC17A33136,CABLE 200mm RJ45 Splitter Cable, $0.86 
SF17B20789,FAN System_4056, $12.38 
SC17B05695,CABLE CBL PCB012700160-1 FANS 0-2, $5.77 
SC17B38677,"CABLE CBL, DAC, 1.5M AMP 100G 30A", $20.27 
SPU7C32719,"PDU 48U Vertical PMDU w/ Mylar, I-VN",  
SB47B26018,BRACKET C2184_PMDU_ALIGNMENT_BRACKET, $2.95 
SM17B38701,MECH_ASM Dummy Ruler, $7.44 
SM17B87183,MECH_ASM S21A1_HDD_carrier, $2.80 
SF17C04470,FAN MR630X_v3_4056_AVC-VNM, $12.47 
SC57A94156,"CARDPOP ,A2030,WCS,LOW PROFILE", $130.47 
SM27B82943,MECHANICAL C2184-RISER1-DUMMY-WVT-RC12, $0.32 
SC17A83237,CABLE A 1143mm RJ45 Mgmt Cable, $1.05 
SC17A96530,"CABLE CBL EMASSY,CABLE,FAN,FANS 0-2", $5.77 
SC17B38680,"CABLE CBL,CSTM,370mm", $11.02 
0000037L7062,PACKAGING shipgroup bag,  
SL17C28479,LABEL M1 Product Regulatory Label,  
SC87B83177,CHASSIS Chassis, $94.23 
SP17A35626,PACKAGING 48U Rack PE BAG,  
SM17C01964,MECH_ASM C2184-top-level-SGC400-case3WT, $50.37 
SM17C21514,MECH_ASM S21A1_HBA_RISER_bkt_EC_AVC, $6.36 
SP17A66161,PACKAGING OCS 1U Node PE Bag,  
SB47A76905,"BRACKET PMDU Alignment, Slide", $1.60 
SC17B38684,"CABLE CBL,CSTM,248mm", $5.54 
SSG7A97218,SWITCH Arista 7050CX3 TOR Switch," $3,433.78 "
SC17B38678,"CABLE CBL, DAC, 1.0M AMP 100G 30A", $17.52 
SM37C03046,MEMORY HMCG94AHBRA 64G 2RX4 M1aAVAP, $315.09 
SL27B34524,LATCH C2184_E1S_Latch-SIT (trimming), $3.98 
SC17B38679,"CABLE CBL,CSTM,204mm,S2185", $2.12 
SC17B38687,"CABLE CBL,CONN,MCIO X8- PCIE 98P", $27.43 
SC17B38685,"CABLE CBL,CSTM,160mm", $1.10 
SC17B22925,CABLE DR FAN Cable, $7.18 
SC17B38682,"CABLE CBL,CSTM,740mm", $2.06 
SSG7B97435,"SWITCH 1G Mgmt Switch, M1011427-002, MX", $356.57 
SC17A96529,"CABLE CBL EMASSY,CABLE,FAN,FANS", $4.23 
SSG7C20433,SWITCH Mellanox MSN2700 Switch,  
SC87C22450,"CHASSIS OCS J2011 JBOD L6 ,TI BP,FLEX PS"," $2,839.97 "
SM27A73738,"MECHANICAL J2010 3.5"" HDD Tray", $2.91 
SC17A95200,CABLE Front Intrusion Switch Cable, $0.85 
SC17A69588,CABLE MB Power and Signal Cable, $29.46 
SP57B91310,"PWR_SUPPLY PSU,P2012,2100W,WITH MCU", $278.31 
SM17A65427,MECH_ASM J2010 JBOD Rail Kit, $38.47 
SSG7A65533,SWITCH Mellanox MSN2700 TOR PSI," $2,742.14 "
SP57B38693,PWR_SUPPLY PSU, $331.04 
SSA7C00607,SP NVIDIA C2 Module SKU200 480G EDA," $9,450.00 "
SL17A92490,LABEL MTY Server PKG Label,  
SC17A98077,"CABLE FIT 1.5m Relay Cable, ROW, M1W", $18.87 
4B27A90816,MOTHERBOARD-C2184, $885.75 
SC87C14290,"CHASSIS Chassis,AVC", $68.55 
SH47C12865,HEATSINK HEAT SINK, $38.00 
SF17B38691,FAN FAN, $14.35 
SP57B23674,PWR_SUPPLY Lite On P2010 Power Supply, $208.00 
SL17B79795,LABEL M1 Product Regulatory Label,  
SS17A93085,SCREW C2184_SCREW_OBS_M1131291-001, $0.03 
SL17A48969,LABEL SN650C Blank MSPN/SN Label,  
SL17B74638,LABEL Tilt Watch Plus Label, $5.19 
SL17A04173,LABEL ShockWatch2 - 15G,  
SL17A78810,LABEL DC Service Label,  
SL17B42541,LABEL White Blank label 41x30mm,  
SB47B38699,BRACKET M Assembly, $8.78 
SM27B82944,MECHANICAL E1.S-DUMMY-NC50RT, $0.59 
4B27B04147,MOTHERBOARD-S2185, $544.08 
4C57B00070,DC-SCM-M1110, $135.34 
4B27A90078,C2184 MP MB (rework) PC OPT-GUAD, $911.52 
SF17C17409,"FAN FAN,13.2VDC,DUAL ROTOR,40X56, AVC VT", $12.24 
4B27B01933,MOTHERBOARD-S2185, $543.70 
SM27B81463,"MECHANICAL RAIL,SLIDE,1U,FRICTION,FULL", $48.00 
SM27B41345,MECHANICAL 1U Airflow Blocker, $2.61 
SM17C00835,MECH_ASM C2184-top-level-SGC400-case3, $52.46 
SC17B05696,CABLE CBL PCB012700159-1 FANS, $4.23 
4TA7A93752,RISER CARD-E1S-INTRPOSE-S2185, $48.25 
SC17C05877,"CABLE CBL,PWR,290mm,12V POWER CABLE", $100.10 
4C57A90186,RISER CARD-GP-C2184, $26.01 
SC17B38681,"CABLE CBL,CSTM,441.3mm", $16.75 
SC17A83242,CABLE A 3660mm RJ45 Mgmt Cable, $2.11 
SM27A90289,MECHANICAL C2184_E1S_Latch_Ingrasys, $4.03 
4B27A90077,MOTHERBOARD-C2184, $845.36 
SC17B38686,"CABLE CBL, DAC, 2.0M AMP 100G 30A", $23.42 
SC17A83235,CABLE A 1448mm RJ45 Mgmt Cable, $1.16 
SM17B87184,MECH_ASM S21A1_LP_RISER_bkt, $3.20 
SPU7C19731,"PDU 48U Vertical PMDU w/ Mylar, I-MX"," $1,863.46 "
SSG7B28177,"SWITCH 1G Mgmt Switch-M1, MX", $356.57 
STA7B69903,ECAT_TLA Glacier Peak-PVT_M1262026-002," $1,135.89 "
SH47C13792,"HEATSINK CPU_RHS, CM-VNM", $48.75 
SC17A95197,CABLE MB Power and Signal Cable, $24.08 
SC17A97750,"CABLE HAR 1.5m Relay Cable, ROW, M1W", $22.37 
0000001R3747,PACKAGING APPLIANCE TAPE,  
SB47C06838,BRACKET S21A1_HBA_Bracket, $0.48 
SM17C17909,MECH_ASM M1_E1S_dummy_ruler_w/gasket, $1.37 
SM37C06564,MEMORY MTC40F2046S1RC56BD2 64G M1aAVAP, $315.09 
0000000Y3080,MECHANICAL Foam Seal, $2.66 
0000000Y7997,PACKAGING 1200x600mm Pallet,  
4PU7A90809,1U 18 C19/C13 48A 3P WYE PDU V2 CE,  
SM37A88577,MEMORY MTC20F2085S1RC48BA1 32GB 2Rx8 48R, $277.41 
SM37B81301,MEMORY H HMCG88AHBRA 32GB 2Rx8 64R, $282.95 
SM37B46514,MEMORY S M321R4GA3PB0-CWM 32GB 2Rx8 56R, $277.41 
SM37B46509,MEMORY MTC20F1045S1RC56BG1 32GB 1Rx4 56R, $277.41 
SM37B98479,MEMORY H HMCGM4MGBRB 96GB 2Rx4 56R, $840.61 
SM37B28528,MEMORY W LV32D4R2D8MF-32 32GB D4-32R,  
SM37B03416,MEMORY S M321R4GA3BB6-CQK 32GB 2Rx8 48R, $277.41 
SM37B46942,MEMORY S M321R2GA3PB0-CWM 16GB 1Rx8 56R,  
SM37B46941,MEMORY S M321R2GA3PB0-CWM 16GB 1Rx8 56R,  
SP17B69894,PACKAGING CorrugBTMTray meet CELP,  
SP17B70452,PACKAGING Shipgroup Tucklock Box-CELP,  
SP17B77525,PACKAGING Paper Envelope,  
SP17B84098,PACKAGING Bottom Cushion PE,  
SP17B84099,PACKAGING Front Cushion,  
SP17B84100,PACKAGING Rear Cushion,  
SP17B84101,PACKAGING HSC carton,  
SP17C05585,PACKAGING Pallet Top PE Sheet,  
SP17A33274,PACKAGING Acc. Box,  
SP17A66194,PACKAGING HDRC 42U Outer Carton,  
SP17A66208,PACKAGING F And R Horizontal Bar,  
SP17A66209,PACKAGING Side Horizontal Bar,  
SP17A66265,PACKAGING acc tray,  
SP17A66266,PACKAGING MTY-4U CS Carton,  
SP17A66267,PACKAGING TF Cushion-4U,  
SP17A66268,PACKAGING TR cushion-4U,  
SP17A66269,PACKAGING BF cushion-4U,  
SP17A66270,PACKAGING BR cushion-4U,  
SP17A66353,PACKAGING 42U Plastic PE Bag,  
SP17A66355,PACKAGING Ramp Carton Box,  
SP17A66356,PACKAGING Shipping Group Box,  
SP17B06388,PACKAGING Cushion EPE-ST50 V2-rear,  
SP17B06389,PACKAGING Cushion EPE-ST50 V2-front,  
SP17B06391,PACKAGING MTY-Carton-ST50 V2,  
SP17B34638,PACKAGING 73G1885 OBP bag,  
SP17B69153,PACKAGING Tamper label new source, $0.17 
SP17B69641,PACKAGING LDPE Bag,  
SL17A37933,LABEL ASSET TAG Ribbon,  
,,  
